Workbook

Sheet new_lics
A1: Economy | B1: country_code | C1: Adult population | D1: Year | E1: Number of NEW Limited Liability Companies | F1: New business density rate
A2: Afghanistan | B2: =VLOOKUP(A2,Codes!$G$2:$H$217,2,0) -> AFG | C2: 14039528 | D2: 2009 | E2: 3653 | F2: 0.26019393
A3: Afghanistan | B3: =VLOOKUP(A3,Codes!$G$2:$H$217,2,0) -> AFG | C3: 14444996 | D3: 2010 | E3: 4759 | F3: 0.32945665
A4: Afghanistan | B4: =VLOOKUP(A4,Codes!$G$2:$H$217,2,0) -> AFG | C4: 15041824 | D4: 2011 | E4: 3745 | F4: 0.24897247
A5: Afghanistan | B5: =VLOOKUP(A5,Codes!$G$2:$H$217,2,0) -> AFG | C5: 15743958 | D5: 2012 | E5: 3557 | F5: 0.22592794
A6: Afghanistan | B6: =VLOOKUP(A6,Codes!$G$2:$H$217,2,0) -> AFG | C6: 16519812 | D6: 2013 | E6: 3191 | F6: 0.193162
A7: Afghanistan | B7: =VLOOKUP(A7,Codes!$G$2:$H$217,2,0) -> AFG | C7: 17322062 | D7: 2014 | E7: 2466 | F7: 0.1423618
A8: Afghanistan | B8: =VLOOKUP(A8,Codes!$G$2:$H$217,2,0) -> AFG | C8: 18116800 | D8: 2015 | E8: 2255 | F8: 0.12447011
A9: Afghanistan | B9: =VLOOKUP(A9,Codes!$G$2:$H$217,2,0) -> AFG | C9: 18826589 | D9: 2016 | E9: 2448 | F9: 0.13002887
A10: Afghanistan | B10: =VLOOKUP(A10,Codes!$G$2:$H$217,2,0) -> AFG | C10: 19513959 | D10: 2017 | E10: 3022 | F10: 0.1548635
A11: Afghanistan | B11: =VLOOKUP(A11,Codes!$G$2:$H$217,2,0) -> AFG | C11: 20193609 | D11: 2018 | E11: 4274 | F11: 0.21165112
A12: Albania | B12: =VLOOKUP(A12,Codes!$G$2:$H$217,2,0) -> ALB | C12: 1960789 | D12: 2006 | E12: 1671 | F12: 0.85220796
A13: Albania | B13: =VLOOKUP(A13,Codes!$G$2:$H$217,2,0) -> ALB | C13: 1959058 | D13: 2007 | E13: 2094 | F13: 1.0688811
... A991: Liechtenstein* | B991: =VLOOKUP(A991,Codes!$G$2:$H$217,2,0) -> LIE | C991: 25848 | D991: 2018 | E991: 163 | F991: 6.3060972
A992: Liechtenstein* | B992: =VLOOKUP(A992,Codes!$G$2:$H$217,2,0) -> LIE | D992: 2019 | E992: 313
A993: Liechtenstein* | B993: =VLOOKUP(A993,Codes!$G$2:$H$217,2,0) -> LIE | D993: 2020 | E993: 58
A994: Lithuania | B994: =VLOOKUP(A994,Codes!$G$2:$H$217,2,0) -> LTU | C994: 2203368 | D994: 2006 | E994: 5307 | F994: 2.4085854
A995: Lithuania | B995: =VLOOKUP(A995,Codes!$G$2:$H$217,2,0) -> LTU | C995: 2182569 | D995: 2007 | E995: 6578 | F995: 3.0138795
A996: Lithuania | B996: =VLOOKUP(A996,Codes!$G$2:$H$217,2,0) -> LTU | C996: 2165656 | D996: 2008 | E996: 5432 | F996: 2.5082469
A997: Lithuania | B997: =VLOOKUP(A997,Codes!$G$2:$H$217,2,0) -> LTU | C997: 2146413 | D997: 2009 | E997: 5399 | F997: 2.5153593
A998: Lithuania | B998: =VLOOKUP(A998,Codes!$G$2:$H$217,2,0) -> LTU | C998: 2105015 | D998: 2010 | E998: 6522 | F998: 3.0983152
A999: Lithuania | B999: =VLOOKUP(A999,Codes!$G$2:$H$217,2,0) -> LTU | C999: 2052782 | D999: 2011 | E999: 7799 | F999: 3.7992344
A1000: Lithuania | B1000: =VLOOKUP(A1000,Codes!$G$2:$H$217,2,0) -> LTU | C1000: 2019161 | D1000: 2012 | E1000: 10976 | F1000: 5.4359212
A1001: Lithuania | B1001: =VLOOKUP(A1001,Codes!$G$2:$H$217,2,0) -> LTU | C1001: 1991560 | D1001: 2013 | E1001: 8057 | F1001: 4.0455723
A1002: Lithuania | B1002: =VLOOKUP(A1002,Codes!$G$2:$H$217,2,0) -> LTU | C1002: 1966235 | D1002: 2014 | E1002: 8481 | F1002: 4.3133196
A1003: Lithuania | B1003: =VLOOKUP(A1003,Codes!$G$2:$H$217,2,0) -> LTU | C1003: 1938149 | D1003: 2015 | E1003: 6184 | F1003: 3.1906732
A1004: Lithuania | B1004: =VLOOKUP(A1004,Codes!$G$2:$H$217,2,0) -> LTU | C1004: 1904209 | D1004: 2016 | E1004: 6352 | F1004: 3.3357683
A1005: Lithuania | B1005: =VLOOKUP(A1005,Codes!$G$2:$H$217,2,0) -> LTU | C1005: 1865942 | D1005: 2017 | E1005: 6578 | F1005: 3.5252971
... A1980: Zimbabwe | B1980: =VLOOKUP(A1980,Codes!$G$2:$H$217,2,0) -> ZWE | C1980: 8185716 | D1980: 2020 | E1980: 20273 | F1980: 2.4766312

Sheet Codes
A1: Afghanistan | B1: AFG | C1: 4
A2: Albania | B2: ALB | C2: 8 | G2: Afghanistan | H2: AFG
A3: Algeria | B3: DZA | C3: 12 | G3: Albania | H3: ALB
A4: American Samoa | B4: ASM | C4: 16 | G4: Algeria | H4: DZA
A5: Andorra | B5: AND | C5: 20 | G5: American Samoa | H5: ASM
A6: Angola | B6: AGO | C6: 24 | G6: Andorra | H6: AND
A7: Anguila | B7: AIA | C7: 660 | G7: Angola | H7: AGO
A8: Antigua and Barbuda | B8: ATG | C8: 28 | G8: Antigua and Barbuda | H8: ATG
A9: Argentina | B9: ARG | C9: 32 | G9: Argentina | H9: ARG
A10: Armenia | B10: ARM | C10: 51 | G10: Armenia | H10: ARM
A11: Aruba | B11: ABW | C11: 533 | G11: Aruba | H11: ABW
A12: Australia | B12: AUS | C12: 36 | G12: Australia | H12: AUS
A13: Austria | B13: AUT | C13: 40 | G13: Austria | H13: AUT
... A217: Special Categories | B217: SPE | C217: 839 | G217: Zimbabwe | H217: ZWE
A218: Sri Lanka | B218: LKA | C218: 144
A219: St. Kitts and Nevis | B219: KNA | C219: 659
A220: St. Lucia | B220: LCA | C220: 662
A221: St. Vincent and the Grenadines | B221: VCT | C221: 670
A222: Sudan | B222: SDN | C222: 736
A223: Suriname | B223: SUR | C223: 740
A224: Svalbard and Jan Mayen Is | B224: SJM | C224: 744
A225: Eswatini | B225: SWZ | C225: 748
A226: Sweden | B226: SWE | C226: 752
A227: Switzerland | B227: CHE | C227: 756
A228: Syrian Arab Republic | B228: SYR | C228: 760
A229: Taiwan | B229: TWN | C229: 158
... A264: Zimbabwe | B264: ZWE | C264: 716
